acquire_all_cores;Acquire All Cores;;;;;;;;;;;;;x,,,,,,,,
acquire_all_cores_short;Acquire all cores from $RECIPIENT$;;;;;;;;;;;;;x,,,,,,,,
acquire_all_cores_setup;Acquire all core provinces from $RECIPIENT$;;;;;;;;;;;;;x,,,,,,,,
acquire_all_cores_desc;Acquire all enemy �Ystates�W where we have �Ycore provinces�W;;;;;;;;;;;;;x,,,,,,,,
acquire_core_state;Acquire core;Prendre territoire cl�;Kernprovinzregion erobern;;Adquirir n�cleo;;;;;;;;;x;;;;,,,,,,,,
acquire_core_state_desc;Aquire an enemy �Ystate�W where we have �Ycore provinces�W;Prendre un �Y�tat�W ennemi o� nous avons des �Yprovinces principales�W;Erobern Sie einen feindlichen �YStaat�W, in dem wir �YKernprovinzen�W haben.;;Adquirir un �Yestado�W enemigo donde tenemos �Yprovincias n�cleo�W;;;;;;;;;x,,,,,,,
acquire_core_state_short;Acquire $STATE$; Prendre le territoire cl� de $STATE$;Kernprovinzregion $STATE$ erobern;;Adquirir $STATE$;;;;;;;;;x;;;;,,,,,,,,
acquire_core_state_setup;Acquire core $STATE$ from $RECIPIENT$;Prendre territoire cl� $STATE$ � $RECIPIENT$;Kernprovinzregion $STATE$ von $RECIPIENT$ erobern.;;Adquirir el n�cleo de $STATE$ de manos de $RECIPIENT$;;;;;;;;;x;;;;,,,,,,,,
acquire_state;Acquire state;Prendre un �tat;Region erobern;;Adquirir estado;;;;;;;;;x;;;;,,,,,,,,
acquire_state_desc;Aquire an enemy �Ystate�W;Prendre un �Y�tat�W ennemi;Erobern Sie einen feindlichen �YStaat�W.;;Adquirir un �Yestado�W enemigo;;;;;;;;;x,,,,,,,,
acquire_state_short;Acquire $STATE$; Prendre l'�tat de $STATE$;$STATE$ erobern;;Adquirir $STATE$;;;;;;;;;x;;;;,,,,,,,,
acquire_state_setup;Acquire $STATE$ from $RECIPIENT$;Prendre $STATE$ � $RECIPIENT$;$STATE$ von $RECIPIENT$ erobern.;;Adquirir $STATE$ de manos de $RECIPIENT$;;;;;;;;;x;;;;,,,,,,,,
acquire_substate_region;Acquire substate region;Acqu�rir une r�gion comme Sous-�tat;Beschafft eine Unterstaatsregion;;;;;;;;;;;x,,,,,,,,
acquire_substate_region_desc;Acquire a region from enemy �Ysubstate�W;Acqu�rir une r�gion d'un �YSous-�tat�W ennemi;Beschafft eine Region des Feindes �Ysubstate�W;;;;;;;;;;;x,,,,,,,,
acquire_substate_region_short;Acquire $STATE$;Prendre $STATE$;$STATE$ erobern;;Adquirir $STATE$;;;;;;;;;x,,,,,,,,
acquire_substate_region_setup;Acquire $STATE$ from $RECIPIENT$;Prendre $STATE$ de $RECIPIENT$;$STATE$ von $RECIPIENT$ erobern.;;Adquirir $STATE$ de manos de $RECIPIENT$;;;;;;;;;x,,,,,,,,
add_to_sphere;Add to Sphere;ajouter � la sph�re;In Einflusssph�re aufnehmen;;A�adir a esfera;;;;;;;;;x;;;;,,,,,,,,
add_to_sphere_desc;Add country to our �YSphere of Influence�W;Ajouter un pays � notre �Ysph�re d'influence�W;F�gen Sie das Land Ihrer �YEinflusssph�re�W hinzu.;;A�adir un pa�s a nuestra �Yesfera de influencia�W;;;;;;;;;x,,,,,,,,
add_to_sphere_short;Add $RECIPIENT$ to Sphere of Influence;ajouter $RECIPIENT$ � la sph�re d'influence;$RECIPIENT$ in Einflusssph�re aufnehmen;;A�adir a $RECIPIENT$ a la esfera de influencia;;;;;;;;;x;;;;,,,,,,,,
add_to_sphere_setup;Add $RECIPIENT$ to Sphere of Influence;ajouter $RECIPIENT$ � la sph�re d'influence;$RECIPIENT$ in Einflusssph�re aufnehmen;;A�adir a $RECIPIENT$ a la esfera de influencia;;;;;;;;;x;;;;,,,,,,,,
CB_ALLOWED_ADD_TO_SPHERE;Add to Sphere;Ajouter � la sph�re;Zu Sph�re hinzuf�gen;;A�adir a la esfera;;;;;;;;x,,,,,,,,
CB_ALLOWED_ANNEX;Allow Annexation;Autoriser l'annexion;Annektierung erlauben;;Permitir anexi�n;;;;;;;;x,,,,,,,,
CB_ALLOWED_CONCESSION;Concede Defeat;Conc�der la d�faite;Niederlage eingestehen;;Admitir derrota;;;;;;;;x,,,,,,,,
CB_ALLOWED_DISARMAMENT;Forced Disarmament;D�sarmement forc�;Erzwungene Abr�stung;;Desarme obligado;;;;;;;;;x;;,,,,,,,,
CB_ALLOWED_GUNBOAT;Force Debt Repayment;Forcer le remboursement de la dette;Schuldentilgung erzwingen;;Forzar pago de deuda;;;;;;;;x,,,,,,,,
CB_ALLOWED_INSTALL_COMMUNIST_GOV_TYPE;Install communist government;Installer un gouvernement communiste;Kommunistische Regierung einsetzen;;;;;;;;;;;x,,,,,,,,
CB_ALLOWED_INSTALL_DEMOCRATIC_GOV_TYPE;Enforce Democratic Government;;;;;;x,,,,,,,,
CB_ALLOWED_MAKE_PUPPET;Make a Puppet;Cr�er un pays satellite;Erschafft eine Marionette;;;;;;;;;;x;,,,,,,,,
CB_ALLOWED_PRESTIGE;Reduction of Prestige;Diminution du prestige;Prestige-Reduzierung;;Reducci�n de prestigio;;;;;;;;x,,,,,,,,
CB_ALLOWED_RELEASE_PUPPET;Release of Puppet;Lib�ration d'un �tat fantoche;Entlassung von Marionettenstaat;;Liberaci�n de t�tere;;;;;;;;x,,,,,,,,
CB_ALLOWED_REPARATIONS;War Reparations;R�parations de guerre;Kriegsreparationen;;Reparaciones de guerra;;;;;;;;;x;;,,,,,,,,
CB_ALLOWED_STATES;Secession of Territory;S�cession de territoire;Gebietsabspaltung;;Secesi�n de territorio;;;;;;;;;x;;,,,,,,,,
CB_ALLOWED_STATUS_QUO;Return to Status Quo;Retour au statu quo;R�ckkehr zum Status Quo;;Volver al 'Statu Quo'.;;;;;;;;x,,,,,,,,
CB_ALLOWED_TRANSFER_PROVINCES;Transfer of provinces;Transfert des provinces;�bertragung von Provinzen;;Transferencia de provincias;;;;;;;;x,,,,,,,,
CB_ALLOWED_UNINSTALL_COMMUNIST_GOV_TYPE;Uninstall communist government;R�voquer le gouvernement communiste;Kommunistische Regierung absetzen;;;;;;;;;;;x,,,,,,,,
annex_core_country;Restore Order;R�tablir l'ordre;Stellen Sie die Ordnung wieder her;;Restablecer el orden;;;;;;;;;x;;,,,,,,,,
annex_core_country_short;Annex $RECIPIENT$;Annexer $RECIPIENT$;Annektieren Sie $RECIPIENT$;;Anexionar $RECIPIENT$;;;;;;;;;x;;,,,,,,,,
annex_core_country_setup;Annex $RECIPIENT$;Annexer $RECIPIENT$;Annektieren Sie $RECIPIENT$;;Anexionar $RECIPIENT$;;;;;;;;;x;;,,,,,,,,
annex_core_country_desc;Annex a foreign �Ycountry�W all provinces of which are your cores.;Annexez un �Ypays�W �tranger dont toutes les provinces sont vos territoires cl�s.;Annektieren Sie alle Provinzen eines ausl�ndischen �YLandes�W, die zu Ihren Kernprovinzen geh�ren.;;Anexiona un �Ypa�s�W extranjero cuyas provincias son todas n�cleos tuyos.;;;;;;;;;x;;,,,,,,,
CB_ASSERT_HEGEMONY;Assert Hegemony\n;Asseoir son h�g�monie\n;Vorherrschaft behaupten\n;;Afirmar hegemon�a\n;;;;;;;;;x,,,,,,,,
become_independent;Become Independent;Devenir ind�pendant;Werdet unabh�ngig;;;;;;;;;;;x,,,,,,,,
become_independent_desc;Declare independence from your overlord through force of arms;;Erkl�rt mit Waffengewalt Eure Unabh�ngigkeit von Eurem Herrscher;;;;;;;;x;;;,,,,,,,,
become_independent_setup;$ACTOR$ is released from $RECIPIENT$ and becomes independent.;$ACTOR$ est lib�r� de $RECIPIENT$ et devient ind�pendant.;$ACTOR$ wird von $RECIPIENT$ befreit und wird unabh�ngig. ;;;;;;;;;;;x,,,,,,,,
become_independent_short;$ACTOR$ is released from $RECIPIENT$;$ACTOR$ est lib�r� de $RECIPIENT$;$ACTOR$ wird von $RECIPIENT$ befreit;;;;;;;;;;;x,,,,,,,,
civil_war;Civil War;Guerre civile;B�rgerkrieg;;Guerra Civil;;;;;;;;;x,,,,,,,,
civil_war_desc;Your nation is in a state of civil war;Votre nation est en guerre civile;Ihre Nation befindet sich in einem B�rgerkrieg.;;Tu naci�n est� en estado de guerra civil;;;;;;;;;x,,,,,,,,
civil_war_short;Unite the nation;Unifier la nation;Einen Sie die Nation!;;Unir la naci�n;;;;;;;;;x,,,,,,,,
NORMAL_CIVIL_WAR_NAME;$ORDER$$FIRST$ Civil War;$ORDER$ guerre civile $FIRST$;$ORDER$$FIRST$er B�rgerkrieg;;$ORDER$ Guerra Civil $FIRST$;;;;;;;;;x;,,,,,,,,
AGRESSION_CIVIL_WAR_NAME;$ORDER$$FIRST$ Civil War;$ORDER$ guerre civile $FIRST$;$ORDER$$FIRST$er B�rgerkrieg;;$ORDER$ Guerra Civil $FIRST$;;;;;;;;;x;,,,,,,,,
NORMAL_CIVIL_WAR_NAME_USA_CSA_CSA;$ORDER$War of Northern Aggression;$ORDER$ guerre d�agression nordiste;$ORDER$Krieg des N�rdlichen Angriffs;;;;;;;;;;;x,,,,,,,,
NORMAL_CIVIL_WAR_NAME_USA_CSA_USA;$ORDER$War of the Rebellion;$ORDER$ guerre de r�bellion;$ORDER$Rebellionskrieg;;;;;;;;;;;x,,,,,,,,
civil_war_setup;End the war by reuniting our nation under a common banner again.;Mettez fin � la guerre en r�unifiant notre nation sous une m�me banni�re.;Beenden Sie den Krieg durch die Wiedervereinigung unserer Nation unter einer gemeinsamen Flagge.;;Poner fin a la guerra reunificando de nuevo nuestra naci�n bajo un estandarte com�n.;;;;;;;;;x;;,,,,,,,,
CB_COLONY_CLAIMS;Enforce colonial claim;;Koloniale Anspr�che druchsetzen;;;;;;;;x,,,,,,,,
colonial_competition;Enforce colonial claim;;Koloniale Anspr�che druchsetzen;;;;;;;;x,,,,,,,,
colonial_competition_desc;Acquire a �Ycolonial region�!;;Erhalte �YKoloniale Region�!;;;;;;;;x,,,,,,,,
colonial_competition_short;Acquire colony $REGION$;;Erhalte die Kolonie $REGION$;;;;;;;;x,,,,,,,,
colonial_competition_setup;Acquire colony $REGION$;;Erhalte die Kolonie $REGION$;;;;;;;;x,,,,,,,,
conquest;Conquest;Conqu�te;Eroberung;;Conquista;;;;;;;;;x;;;;,,,,,,,,
conquest_desc;Annex a single-state �Ycountry�W or an �Yuncivilized nation�W;Annexer un �Ypays�W � un �tat ou une �Ynation non civilis�e�W;Annektieren Sie ein Einzelstaat-�YLand�W oder eine �Yunzivilisierte Nation�W;;Anexionar un �Ypa�s�W o una �Ynaci�n sin civilizar�W de un solo estado;;;;;;;;;x,,,,,,,,
conquest_setup;Annex $RECIPIENT$;Annexer $RECIPIENT$;$RECIPIENT$ annektieren;;Anexi�n de $RECIPIENT$;;;;;;;;;x;;;;,,,,,,,,
conquest_short;Annex $RECIPIENT$;Annexer $RECIPIENT$;$RECIPIENT$ annektieren;;Anexi�n de $RECIPIENT$;;;;;;;;;x;;;;,,,,,,,,
low_conquest;Low Conquest;Conqu�te;Eroberung;;Conquista;;;;;;;;;x;;;;,,,,,,,,
low_conquest_desc;Es hora de asplastar;Annexer un �Ypays�W � un �tat ou une �Ynation non civilis�e�W;Annektieren Sie ein Einzelstaat-�YLand�W oder eine �Yunzivilisierte Nation�W;;Anexionar un �Ypa�s�W o una �Ynaci�n sin civilizar�W de un solo estado;;;;;;;;;x,,,,,,,,
low_conquest_setup;Annex $RECIPIENT$;Annexer $RECIPIENT$;$RECIPIENT$ annektieren;;Anexi�n de $RECIPIENT$;;;;;;;;;x;;;;,,,,,,,,
low_conquest_short;Annex $RECIPIENT$;Annexer $RECIPIENT$;$RECIPIENT$ annektieren;;Anexi�n de $RECIPIENT$;;;;;;;;;x;;;;,,,,,,,,
crisis_free_peoples;Free people;Lib�rer la population;Freies Volk;;Liberar pueblo;;;;;;;;;x;,,,,,,,,
crisis_free_peoples_short;$THIRD$ acquires $STATE$;$THIRD$ prend $STATE$;$THIRD$ erwirbt $STATE$;;$THIRD$ adquiere $STATE$;;;;;;;;;x;,,,,,,,,
crisis_free_peoples_setup;Hand $STATE$ back to $THIRD$ from $RECIPIENT$;Prendre $STATE$ � $RECIPIENT$ pour le rendre � $THIRD$;Geben Sie $STATE$ an $THIRD$ von $RECIPIENT$ zur�ck;;Arrebatar el estado de $STATE$ de manos de $RECIPIENT$ y devolv�rselo a $THIRD$;;;;;;;;;x;,,,,,,,,
cut_down_to_size;Cut down to size;R�duire;Weltgeltung reduzieren;;Reducir su tama�o;;;;;;;;;x;;;;,,,,,,,,
cut_down_to_size_desc;Force another �Ycountry�W to disarm and pay reparations to us;Obliger un autre �Ypays�W � se d�sarmer et � nous verser des compensations;Zwischen Sie ein anderes �YLand�W zur Abr�stung und zu Reparationszahlungen an uns.;;Obligar a otro �Ypa�s�W a desarmarse y que nos indemnice;;;;;;;;;x,,,,,,,,
cut_down_to_size_short;Cut $RECIPIENT$ down to size;R�duire $RECIPIENT$;Weltgeltung von $RECIPIENT$ reduzieren;;Reducir el tama�o de $RECIPIENT$ ;;;;;;;;;x;;;;,,,,,,,,
cut_down_to_size_setup;Cut $RECIPIENT$ down to size;R�duire $RECIPIENT$;Reduzieren Sie die Weltgeltung von $RECIPIENT$.;;Reducir el tama�o de $RECIPIENT$ ;;;;;;;;;x;;;;,,,,,,,,
cut_down_to_size_boxer;Put down Boxer Rebellion;Mettre fin � la r�volte des Boxers;Schlage den Boxeraufstand nieder;;;;;;;;;;;x,,,,,,,,
cut_down_to_size_boxer_desc;Force another �Ycountry�W to disarm and pay reparations to us;Forcrer un autre �Ypays�W � d�sarmer et � nous payer des r�parations;Zwinge ein anderes �YLand�W, abzur�sten und Reparationen an uns zu zahlen;;;;;;;;;;;x,,,,,,,
cut_down_to_size_boxer_setup;Force China to pay for the crimes of the Boxer rebels.;;Zwinge China, f�r die Verbrechen der Boxer-Rebellen zu b��en.;;;;;;;;x,,,,,,,
cut_down_to_size_boxer_short;Force China to pay for the Boxer's crimes.;;Zwinge China, f�r die Verbrechen der Boxer zu b��en.;;;;;;;;x,,,,,,,
NORMAL_CUT_DOWN_TO_SIZE_WAR_NAME;$ORDER$$FIRST$-$SECOND$ War;Guerre $ORDER$$FIRST$-$SECOND$;$ORDER$$FIRST$-$SECOND$er Krieg;Baza;Guerra $ORDER$$FIRST$-$SECOND$;Base:;Alap:;Z�kladna:;;;;;;x,,,,,,,,
AGRESSION_CUT_DOWN_TO_SIZE_WAR_NAME;$ORDER$War of $FIRST$ Aggression;$ORDER$$FIRST$ guerre d'aggression;$ORDER$$FIRST$er Angriffskrieg;Wojna $ORDER$$FIRST$-$SECOND$;$ORDER$Guerra de $FIRST$ agresi�n;$ORDER$ Guerra $FIRST$-$SECOND$;$ORDER$$FIRST$-$SECOND$ h�bor�;$ORDER$$FIRST$-$SECOND$ v�lka;;;;;;x,,,,,,,,
demand_concession_casus_belli;Demand Concession;Demande de concession;Zugest�ndnisse verlangen;;Exigir concesi�n;;;;;;;;;x;;,,,,,,,,
demand_concession_casus_belli_desc;Force an �Yuncivilized country�W to secede territory to form a colonial concession.;Obligez un �Ypays non civilis�W � faire s�cession d'un territoire pour former une concession coloniale.;Zwingen Sie ein �Yunzivilisiertes Land�W, Gebiete zur Gr�ndung einer Kolonie abzuspalten.;;Obliga a un �Ypa�s incivilizado�W a escindir territorio para formar una concesi�n colonial.;;;;;;;;;x;;,,,,,,,
demand_concession_casus_belli_setup;Demand that $RECIPIENT$ secede territory to form a colonial concession.;Demandez � ce que $RECIPIENT$ fasse s�cession d'un territoire pour former une concession coloniale.;Verlangen Sie, dass $RECIPIENT$ Gebiete zur Gr�ndung einer Kolonie abspaltet.;;Exigir que $RECIPIENT$ escinda territorio para formar una concesi�n colonial.;;;;;;;;;x;;,,,,,,,
demand_concession_casus_belli_short;Demand $STATE$;Demande $STATE$;Fordern Sie $STATE$;;Exigir $STATE$;;;;;;;;;x;;,,,,,,,,
CB_DESTROY_FORTS;Destroy fortifications;;Zerst�rt Festungen;;;;;;;;x;;;;,,,,,,,,
po_destroy_forts;Destroy all fortifications in $STATE$.;;Zerst�rt alle Forts in $STATE$.;;;;;;;;x;;;;,,,,,,,,
CB_DESTROY_NAVAL_BASES;Destroy naval bases;;Zerst�rt Marinest�tzpunkte;;;;;;;;x;;;;,,,,,,,,
po_destroy_naval_bases;Destroy naval base in $STATE$.;;Zers�rt den Marinest�tzpunkt in $STATE$ .;;;;;;;;x;;;;,,,,,,,,
po_disarmament;Prohibited from raising armies and lose �Y$PERCENTAGE$%�b of their forces for �Y$YEARS$�b years;N'a plus le droit de lever des arm�es et perd �Y$PERCENTAGE$%�b de ses forces pendant �Y$YEARS$�b ans;Verbot, Armeen auszuheben, und Verlust von �Y$PERCENTAGE$%�b ihrer Truppen f�r �Y$YEARS$�b Jahre.;;Se le proh�be reclutar ej�rcitos y pierde el �Y$PERCENTAGE$%�b de sus fuerzas durante �Y$YEARS$�b a�os.;;;;;;;;;x;;;;,,,,,,
po_disarmament2;Prohibited from raising armies and lose �Y$PERCENTAGE$%�W of their forces for �Y$YEARS$�W years;N'a plus le droit de lever des arm�es et perd �Y$PERCENTAGE$%�W de ses forces pendant �Y$YEARS$�W ans;Verbot des Aushebens von Armeen und Verlust von �Y$PERCENTAGE$%�W ihrer Truppen �ber �Y$YEARS$�W Jahre.;;Prohibido el reclutamiento de ej�rcitos y p�rdida del �Y$PERCENTAGE$%�W de sus fuerzas durante �Y$YEARS$�W a�os;;;;;;;;;x,,,,,,,,
dismantle_cb;Dismantle Nation;Grande Guerre;Gesamtkrieg;;;;;;;;;;;;x;;;;;;;;;;;;;;,,,,,,,,
dismantle_cb_desc;Force an enemy �Ygreat power�W to dismantle their empire and pay reparations;Obliger un autre �Ypays�W � se d�sarmer et � nous verser des compensations;Zwischen Sie ein anderes �YLand�W zur Abr�stung und zu Reparationszahlungen an uns.;;;;;;;;;;;x,,,,,,,,
dismantle_cb_short;Force $RECIPIENT$ to dismantle their empire;R�duire $RECIPIENT$;Reduzieren Sie die Gr��e von $RECIPIENT$;;;;;;;;;;;;x;;;;;;;;;;;;;;,,,,,,,,
dismantle_cb_setup;Force $RECIPIENT$ to dismantle their empire;R�duire $RECIPIENT$;Reduzieren Sie die Gr��e von $RECIPIENT$;;;;;;;;;;;;x;;;;;;;;;;;;;;,,,,,,,,
dismantle_cb_add;Dismantle Nation;Grande Guerre;Gr��er Krieg;;;;;;;;;;;;x;;;;;;;;;;;;;;,,,,,,,,
dismantle_cb_add_desc;Force an enemy �Ygreat power�W to dismantle their empire and pay reparations;Obliger un autre �Ypays�W � se d�sarmer et � nous verser des compensations;Zwischen Sie ein anderes �YLand�W zur Abr�stung und zu Reparationszahlungen an uns.;;;;;;;;;;;x,,,,,,,,
dismantle_cb_add_short;Force $RECIPIENT$ to dismantle their empire;R�duire $RECIPIENT$;Reduzieren Sie die Gr��e von $RECIPIENT$;;;;;;;;;;;;x;;;;;;;;;;;;;;,,,,,,,,
dismantle_cb_add_setup;Force $RECIPIENT$ to dismantle their empire;R�duire $RECIPIENT$;Reduzieren Sie die Gr��e von $RECIPIENT$;;;;;;;;;;;;x;;;;;;;;;;;;;;,,,,,,,,
dismantle_cb_add_new;Dismantle Nation;Grande Guerre;Gr��er Krieg;;;;;;;;;;;;x;;;;;;;;;;;;;;,,,,,,,,
dismantle_cb_add_new_desc;Force an enemy �Ygreat power�W to dismantle their empire and pay reparations;Obliger un autre �Ypays�W � se d�sarmer et � nous verser des compensations;Zwischen Sie ein anderes �YLand�W zur Abr�stung und zu Reparationszahlungen an uns.;;;;;;;;;;;x,,,,,,,,
dismantle_cb_add_new_short;Force $RECIPIENT$ to dismantle their empire;R�duire $RECIPIENT$;Reduzieren Sie die Gr��e von $RECIPIENT$;;;;;;;;;;;;x;;;;;;;;;;;;;;,,,,,,,,
dismantle_cb_add_new_setup;Force $RECIPIENT$ to dismantle their empire;R�duire $RECIPIENT$;Reduzieren Sie die Gr��e von $RECIPIENT$;;;;;;;;;;;;x;;;;;;;;;;;;;;,,,,,,,,
dismantle_forts_desc;Dismantle fortifications, naval bases and airports.;;Rei�t Forts und Marinest�tzpunkte ab.;;;;;;;;x;;;;,,,,,,,
dismantle_forts;Dismantle Fortifications;;Rei�t Forts ab;;;;;;;;x;;;;,,,,,,,,
dismantle_forts_short;Dismantle constructions in $STATE$;;Rei�t Bauten in $STATE$ ab;;;;;;;;x;;;;,,,,,,,,
dismantle_forts_setup;Dismantle forts, naval bases and airports in $STATE$;;Rei�t Forts und Marinest�tzpunkte in $STATE$ ab;;;;;;;;x;;;;,,,,,,,
establish_protectorate_casus_belli;Establish Protectorate;�tablir un protectorat;Protektorat gr�nden;;Establecer protectorado;;;;;;;;;x;;,,,,,,,,
establish_protectorate_casus_belli_desc;Annex an �Yuncivilized country�W by forcing them to become a protectorate of ours.;Annexez un �Ypays non civilis�W en l'obligeant � devenir l'un de nos protectorats.;Annektieren Sie ein �Yunzivilisiertes Land�W, indem Sie es zwingen, eines Ihrer Protektorate zu werden.;;Anexiona un �Ypa�s incivilizado�W, oblig�ndolo a convertirse en protectorado nuestro.;;;;;;;;;x;;,,,,,
establish_protectorate_casus_belli_setup;Annex $RECIPIENT$ by establishing a protectorate over them.;Annexez $RECIPIENT$ en �tablissant un protectorat.;Annektieren Sie $RECIPIENT$ durch die Gr�ndung eines Protektorats.;;Anexionar $RECIPIENT$ estableciendo un protectorado sobre ellos.;;;;;;;;;x;;,,,,,,,,
establish_protectorate_casus_belli_short;Annex $RECIPIENT$;Annexer $RECIPIENT$;Annektieren Sie $RECIPIENT$;;Anexionar $RECIPIENT$;;;;;;;;;x;;,,,,,,,,
free_peoples;Free people;Lib�rer la population;Freies Volk;;Liberar pueblo;;;;;;;;;x;;;;,,,,,,,,
free_peoples_desc;Liberate a �Ycountry�W from its oppressors;Lib�rer un �Ypays�W de ses oppresseurs;Befreien Sie ein �YLand�W von seinen Unterdr�ckern.;;Liberar a un �Ypa�s�W de sus opresores;;;;;;;;;x,,,,,,,,
free_peoples_short;$THIRD$ acquires $STATE$;$THIRD$ prend $STATE$;$THIRD$ erwirbt $STATE$;;$THIRD$ adquiere $STATE$;;;;;;;;;x;;;;,,,,,,,,
free_peoples_setup;Hand $STATE$ back to $THIRD$ from $RECIPIENT$;Prendre $STATE$ � $RECIPIENT$ pour le rendre � $THIRD$;Geben Sie $STATE$ an $THIRD$ von $RECIPIENT$ zur�ck;;Arrebatar el estado de $STATE$ de manos de $RECIPIENT$ y devolv�rselo a $THIRD$;;;;;;;;;x;;;;,,,,,,,,
great_war_acquire_core;Acquire core;Prendre territoire cl�;Kernprovinz erwerben;;;;;;;;;;;;x;;;;;;;;;;;;;;,,,,,,,,
great_war_acquire_core_desc;Aquire an enemy �Ystate�W where we have �Ycore provinces�W;Prendre un �Y�tat�W ennemi o� nous avons des �Yprovinces principales�W;Erobern Sie einen feindlichen �YStaat�W, in dem wir �YKernprovinzen�W haben.;;;;;;;;;;;x,,,,,,,
great_war_acquire_core_short;Acquire $STATE$;Prendre $STATE$;$STATE$ erwerben;;;;;;;;;;;;x;;;;;;;;;;;;;;,,,,,,,,
great_war_acquire_core_setup;Acquire core $STATE$ from $RECIPIENT$;Prendre �tat cl� $STATE$ de $RECIPIENT$;Kern-$STATE$ von $RECIPIENT$ erwerben;;;;;;;;;;;;x;;;;;;;;;;;;;;,,,,,,,,
great_war_install_communism;Install Communism;Installez le communisme;Bringen Sie Kommunismus an;;;;;;;;;;;;x;;;;;;;;;;;;;;,,,,,,,,
great_war_install_communism_desc;Install a �Yfriendly communist government�W in the country's capital;Install a �Yfriendly communist government�W in the country's capital;Install a �Yfriendly communist government�W in the country's capital;;;;;;;;;;;;x;;;;;;;;;;;;;;,,,,,,,,
great_war_install_communism_short;Install a communist government in $RECIPIENT$;Install a communist government in $RECIPIENT$;Install a communist government in $RECIPIENT$;;;;;;;;;;;;x;;;;;;;;;;;;;;,,,,,,,,
great_war_install_communism_setup;Install a communist government in $RECIPIENT$;Install a communist government in $RECIPIENT$;Install a communist government in $RECIPIENT$;;;;;;;;;;;;x;;;;;;;;;;;;;;,,,,,,,,
great_war_install_democracy;Install Democracy;Installez la d�mocratie;Verursachen Sie Demokratie;;;;;;;;;;;;x;;;;;;;;;;;;;;,,,,,,,,
great_war_install_democracy_desc;Install a �Yfriendly democracy�W in the country's capital;Install a �Yfriendly democracy�W in the target country's capital;Install a �Yfriendly democracy�W in the target country's capital;;;;;;;;;;;;x;;;;;;;;;;;;;;,,,,,,,,
great_war_install_democracy_short;Install a friendly democracy in $RECIPIENT$;Install a friendly democracy in $RECIPIENT$;Install a friendly democracy in $RECIPIENT$;;;;;;;;;;;;x;;;;;;;;;;;;;;,,,,,,,,
great_war_install_democracy_setup;Install a friendly democracy in $RECIPIENT$;Install a friendly democracy in $RECIPIENT$;Install a friendly democracy in $RECIPIENT$;;;;;;;;;;;;x;;;;;;;;;;;;;;,,,,,,,,
great_war_install_fascism;Install Fascism;Installez le fascisme;Bringen Sie Faschismus an;;;;;;;;;;;;x;;;;;;;;;;;;;;,,,,,,,,
great_war_install_fascism_desc;Install a �Yfriendly fascist government�W in the country's capital;Install a �Yfriendly fascist government�W in the country's capital;Install a �Yfriendly fascist government�W in the country's capital;;;;;;;;;;;;x;;;;;;;;;;;;;;,,,,,,,,
great_war_install_fascism_short;Install a fascist government in $RECIPIENT$;Install a fascist government in $RECIPIENT$;Install a fascist government in $RECIPIENT$;;;;;;;;;;;;x;;;;;;;;;;;;;;,,,,,,,,
great_war_install_fascism_setup;Install a fascist government in $RECIPIENT$;Install a fascist government in $RECIPIENT$;Install a fascist government in $RECIPIENT$;;;;;;;;;;;;x;;;;;;;;;;;;;;,,,,,,,,
great_war_liberate;Liberate;Peuple libre;Freies Volk;;;;;;;;;;;;x;;;;;;;;;;;;;;,,,,,,,,
great_war_liberate_desc;Liberate a �Ycountry�W from its oppressors;Lib�rer un �Ypays�W de ses oppresseurs;Befreien Sie ein �YLand�W von seinen Unterdr�ckern.;;;;;;;;;;;x,,,,,,,,
great_war_liberate_short;$THIRD$ acquires $STATE$;$THIRD$ prend $STATE$;$THIRD$ erwirbt $STATE$;;;;;;;;;;;;x;;;;;;;;;;;;;;,,,,,,,,
great_war_liberate_setup;Hand $STATE$ back to $THIRD$ from $RECIPIENT$;Prendre $STATE$ � $RECIPIENT$ pour le rendre � $THIRD$;Geben Sie $STATE$ an $THIRD$ von $RECIPIENT$ zur�ck;;;;;;;;;;;;x;;;;;;;;;;;;;;,,,,,,,,
great_war_penalty_cb;Great War Capitulation;Capitulation dans une Grande Guerre;Gro�kriegskapitulation;;;;;;;;;;;x,,,,,,,,
great_war_penalty_cb_desc;Force another �Ycountry�! to disarm and pay reparations to us.;Contraindre un autre �Ypays�! � d�sarmer et � nous payer des r�parations.;Zwingt die andere �YNation�! zur Entwaffnung und der Zahlung von Kriegsreperationen an uns.;;;;;;;;;;;x,,,,,,,,
great_war_penalty_cb_setup;Disarm $RECIPIENT$ and let them pay for reparations.;D�sarmer $RECIPIENT$ et le faire payer des r�parations.;Entwaffnet $RECIPIENT$ and zwingt sie zur Zahlung von Kriegsreperationen;;;;;;;;;;;x,,,,,,,,
great_war_penalty_cb_short;Great War Capitulation;Capitulation dans une Grande Guerre;Gro�kriegskapitulation;;;;;;;;;;;x,,,,,,,,
great_war_place_in_the_sun;Place in the sun;Une place au soleil;Ein Platz an der Sonne;;;;;;;;;;;;x;;;;;;;;;;;;;;,,,,,,,,
great_war_place_in_the_sun_desc;Aquire an enemy �Ycolonial state�W;Prendre un �Y�tat colonial�W ennemi;Erobern Sie einen feindlichen �YKolonialstaat�W.;;;;;;;;;;;x,,,,,,,,
great_war_place_in_the_sun_short;Acquire $STATE$;Prendre $STATE$;$STATE$ erwerben;;;;;;;;;;;;x;;;;;;;;;;;;;;,,,,,,,,
great_war_place_in_the_sun_setup;Acquire colony $STATE$ from $RECIPIENT$;Prendre colonie $STATE$ de $RECIPIENT$;Kolonie $STATE$ von $RECIPIENT$ erwerben;;;;;;;;;;;;x;;;;;;;;;;;;;;,,,,,,,,
great_war_release_puppet;Release Puppet;Lib�rer un �tat fantoche;Marionettenstaat entlassen;;;;;;;;;;;x,,,,,,,,
great_war_release_puppet_short;$THIRD$ is released;$THIRD$ est lib�r�;$THIRD$ wurde entlassen;;;;;;;;;;;x,,,,,,,,
great_war_release_puppet_setup;Release $THIRD$ from $RECIPIENT$;Lib�rer $THIRD$ de $RECIPIENT$;Entlassen Sie $THIRD$ aus $RECIPIENT$;;;;;;;;;;;x,,,,,,,,
great_war_release_puppet_desc;Release a �Ycountry�W from its sovereign nation;Lib�rer un �Ypays�W de sa nation souveraine;Entlassen Sie ein �YLand�W von seinem Herrenland.;;;;;;;;;;;x,,,,,,,,
great_war_take_from_sphere;Take from sphere of influence;Prendre � la sph�re d'influence;Aus Einflusssph�re entfernen;;;;;;;;;;;;x;;;;;;;;;;;;;;,,,,,,,,
great_war_take_from_sphere_desc;Remove a country from someone's �YSphere of Influence�W and add it to our own;Supprimer un pays de la �Ysph�re d'influence�W de quelqu'un et l'ajouter � la n�tre;Entfernen Sie ein Land aus einer anderen �YEinflusssph�re�W und f�gen Sie es Ihrer eigenen hinzu.;;;;;;;;;;;x,,,,,,,,
great_war_take_from_sphere_short;Take $THIRD$ from sphere of influence;Prendre $THIRD$ � la sph�re d'influence;$THIRD$ aus Einflusssph�re entfernen;;;;;;;;;;;;x;;;;;;;;;;;;;;,,,,,,,,
great_war_take_from_sphere_setup;Take $THIRD$ from $RECIPIENT$'s sphere of influence;Prendre $THIRD$ � la sph�re d'influence de $RECIPIENT$;$THIRD$ aus Einflusssph�re von $RECIPIENT$ entfernen;;;;;;;;;;;;x;;;;;;;;;;;;;;,,,,,,,,
gunboat;Repay Debts;Rembourser les dettes;Schulden tilgen;;Pagar deudas;;;;;;;;x,,,,,,,,
gunboat_desc;Force them to resume repayment of their debts to us.;Les forcer � reprendre le remboursement des dettes contract�es envers nous.;Sie zwingen, ihre Schuldenr�ckzahlungen weiterzuf�hren.;;Obligarlos a reanudar el pago de sus deudas con nosotros.;;;;;;;;x,,,,,,,
gunboat_setup;Will force them to honor their debts to us.;Nous les forceront � honorer les dettes contract�es envers nous.;Werden sie zwingen, uns ihre Schulden zur�ckzuzahlen.;;Los obligar� a hacer frente a sus deudas con nosotros.;;;;;;;;x,,,,,,,
gunboat_short;Repay Debts;Rembourser les dettes;Schulden tilgen;;Pagar deudas;;;;;;;;x,,,,,,,,
po_gunboat;Repay Debts.;Rembourser les dettes;Schulden tilgen.;;Pagar deudas.;;;;;;;;x,,,,,,,,
humiliate;Humiliate;Humilier;Erniedrigen;;Humillar;;;;;;;;;x;;;;,,,,,,,,
humiliate_desc;Show our military might by humiliating an enemy �Ycountry�W, thus increasing our �Yprestige�W while lowering theirs;Afficher notre puissance militaire en humiliant un �Ypays�W ennemi et en augmentant notre �Yprestige�W tout en r�duisant le leur;Zeigen Sie unsere Milit�rmacht durch Erniedrigung eines feindlichen �YLandes�W, wodurch Sie unser �YPrestige�W steigern und ihres verringern.;;Demostrar nuestro poder militar humillando a un �Ypa�s�W enemigo, para aumentar nuestro �Yprestigio�W y reducir el suyo;;;;;;;;;x,,,,,
humiliate_short;Humiliate $RECIPIENT$;Humilier $RECIPIENT$;$RECIPIENT$ erniedrigen;;Humillar a $RECIPIENT$;;;;;;;;;x;;;;,,,,,,,,
humiliate_setup;Humiliate $RECIPIENT$;Humilier $RECIPIENT$;$RECIPIENT$ erniedrigen;;Humillar a $RECIPIENT$;;;;;;;;;x;;;;,,,,,,,,
install_communism;Install Communism;Installez le communisme;Bringen Sie Kommunismus an;;;;;;;;;;;;x;;;;;;;;;;;;;;,,,,,,,,
install_communism_desc;Install a �Yfriendly communist government�W in the country's capital;Install a �Yfriendly communist government�W in the country's capital;Install a �Yfriendly communist government�W in the country's capital;;;;;;;;;;;;x;;;;;;;;;;;;;;,,,,,,,,
install_communism_short;Install a communist government in $RECIPIENT$;Install a communist government in $RECIPIENT$;Install a communist government in $RECIPIENT$;;;;;;;;;;;;x;;;;;;;;;;;;;;,,,,,,,,
install_communism_setup;Install a communist government in $RECIPIENT$;Install a communist government in $RECIPIENT$;Install a communist government in $RECIPIENT$;;;;;;;;;;;;x;;;;;;;;;;;;;;,,,,,,,,
install_communist_gov_cb;Install communism;Installer le Communisme;Kommunismus einsetzen;;;;;;;;;;;x,,,,,,,,
install_communist_gov_cb_desc;Install the communist government.;Installer le gouvernement communiste.;Setzt die kommunistische Regierung ein.;;;;;;;;;;;x,,,,,,,,
install_communist_gov_cb_setup;Install the communist government. If achieved, the country will be automatically added into our sphere.;Installer le gouvernement communiste. En cas de r�ussite, le pays sera automatiquement ajout� � notre sph�re d'influence.;Setzt die kommunistische Regierung ein. Sobald dies erreicht wurde, wird das Land automatisch unserer Sph�re zugef�gt. ;;;;;;;;;;;x,,,,,
install_communist_gov_cb_short;Install communism;Installer le Communisme;Kommunismus einsetzen;;;;;;;;;;;x,,,,,,,,
po_install_communist_gov_type;Install communist government;Installer un gouvernement communiste;Kommunistische Regierung einsetzen;;;;;;;;;;x;,,,,,,,,
install_democracy;Install Democracy;Installez la d�mocratie;Verursachen Sie Demokratie;;;;;;;;;;;;x;;;;;;;;;;;;;;,,,,,,,,
install_democracy_desc;Install a �Yfriendly democracy�W in the country's capital;Install a �Yfriendly democracy�W in the target country's capital;Install a �Yfriendly democracy�W in the target country's capital;;;;;;;;;;;;x;;;;;;;;;;;;;;,,,,,,,,
install_democracy_short;Install a friendly democracy in $RECIPIENT$;Install a friendly democracy in $RECIPIENT$;Install a friendly democracy in $RECIPIENT$;;;;;;;;;;;;x;;;;;;;;;;;;;;,,,,,,,,
install_democracy_setup;Install a friendly democracy in $RECIPIENT$;Install a friendly democracy in $RECIPIENT$;Install a friendly democracy in $RECIPIENT$;;;;;;;;;;;;x;;;;;;;;;;;;;;,,,,,,,,
install_democratic_gov_cb;Enforce Democracy;;;;;;x,,,,,,,,
install_democratic_gov_cb_desc;Forcibly remove a government and replace it with a democracy.;;;;;;x,,,,,,,,
install_democratic_gov_cb_setup;Install a democratic government. If achieved, the country will be automatically added into our sphere;;;;;;x,,,,,,,
install_democratic_gov_cb_short;Enforce Democracy;;;;;;x,,,,,,,,
install_fascism;Install Fascism;Installez le fascisme;Bringen Sie Faschismus an;;;;;;;;;;;;x;;;;;;;;;;;;;;,,,,,,,,
install_fascism_desc;Install a �Yfriendly fascist government�W in the country's capital;Install a �Yfriendly fascist government�W in the country's capital;Install a �Yfriendly fascist government�W in the country's capital;;;;;;;;;;;;x;;;;;;;;;;;;;;,,,,,,,,
install_fascism_short;Install a fascist government in $RECIPIENT$;Install a fascist government in $RECIPIENT$;Install a fascist government in $RECIPIENT$;;;;;;;;;;;;x;;;;;;;;;;;;;;,,,,,,,,
install_fascism_setup;Install a fascist government in $RECIPIENT$;Install a fascist government in $RECIPIENT$;Install a fascist government in $RECIPIENT$;;;;;;;;;;;;x;;;;;;;;;;;;;;,,,,,,,,
lebensraum_cb;Lebensraum;;;;;;x,,,,,,,,
lebensraum_cb_desc;Completely annex a country in order to increase our population's living space;;;;;;x,,,,,,,,
lebensraum_cb_setup;Annex an entire nation. If achieved, our population's living space will vastly increase;;;;;;x,,,,,,,
lebensraum_cb_short;Lebensraum;;;;;;x,,,,,,,,
liberate_country_desc;Liberate an �Yentire country�W from its oppressors;;Befreit ein �Yganzes Land�W von seinen Unterdr�ckern;;;;;;;;x;;;;,,,,,,,,
liberate_country;Liberate Country;;Befreit das Land;;;;;;;;x;;;;,,,,,,,,
liberate_country_short;$THIRD$ acquires $STATE$;$THIRD$ prend $STATE$;$THIRD$ erwirbt $STATE$;;$THIRD$ adquiere $STATE$;;;;;;;;;x;,,,,,,,,
liberate_country_setup;Return $STATE$ to $THIRD$ from $RECIPIENT$;Prendre $STATE$ � $RECIPIENT$ pour le rendre � $THIRD$;Gebt $STATE$ an $THIRD$ von $RECIPIENT$ zur�ck;;Arrebatar el estado de $STATE$ de manos de $RECIPIENT$ y devolv�rselo a $THIRD$;;;;;;;;;x;,,,,,,,,
make_puppet;Make puppet;Cr�er un pays satellite;Erschafft eine Marionette;;;;;;;;;;;x,,,,,,,,
make_puppet_desc;Become a puppet;Devenir un satellite;Werdet eine Marionette;;;;;;;;;;;x,,,,,,,,
make_puppet_setup;$RECIPIENT$ becomes a puppet of $ACTOR$;$RECIPIENT$ devient satellite de $ACTOR$;$RECIPIENT$ wird eine Marionette von $ACTOR$;;;;;;;;;;;x,,,,,,,,
make_puppet_short;$RECIPIENT$ becomes a puppet of $ACTOR$;$RECIPIENT$ devient satellite de $ACTOR$;$RECIPIENT$ wird eine Marionette von $ACTOR$;;;;;;;;;;;x,,,,,,,,
mars_colony_dispute;Martian Colony Dispute;;;;;;x,,,,,,,,
mars_colony_dispute_desc;Demand that this country removes all colonists from Mars;;;;;;x,,,,,,,,
mars_colony_dispute_setup;Demand that this country removes all colonists from Mars;;;;;;x,,,,,,,,
mars_colony_dispute_short;Martian Dispute;;;;;;x,,,,,,,,
moon_colony_dispute;Lunar Colony Dispute;;;;;;x,,,,,,,,
moon_colony_dispute_desc;Demand that this country removes all colonists from the Moon;;;;;;x,,,,,,,,
moon_colony_dispute_setup;Demand that this country removes all colonists from the Moon;;;;;;x,,,,,,,,
moon_colony_dispute_short;Lunar Dispute;;;;;;x,,,,,,,,
NORMAL_MARS_WAR_NAME;$ORDER$War of $FIRST$ Martian Hegemony;;;;;;x,,,,,,,,
AGRESSION_MARS_WAR_NAME;$ORDER$War of $FIRST$ Martian Hegemony;;;;;;x,,,,,,,,
NORMAL_MOON_WAR_NAME;$ORDER$War of $FIRST$ Lunar Hegemony;;;;;;x,,,,,,,,
AGRESSION_MOON_WAR_NAME;$ORDER$War of $FIRST$ Lunar Hegemony;;;;;;x,,,,,,,,
napoleon_cb;Restore the House of Bourbon and dismantle the Napoleonic Empire;;;;;;x,,,,,,,,
napoleon_cb_short;Restore the House of Bourbon and dismantle the Napoleonic Empire;;;;;;x,,,,,,,,
napoleon_cb_setup;The French revolution is a monster that must be repelled. The Bourbons must be restored to their rightful place as rulers of France before the revolution spreads to our own lands!;;;;;;x,,,,,,,,
napoleon_cb_desc;Restore the House of Bourbon and dismantle the Napoleonic Empire;;;;;;x,,,,,,,,
napoleonic_cb;Napoleon Final Solution of Europe;;;;;;x,,,,,,,,
napoleonic_cb_short;Become the supreme ruler of Europe;;;;;;x,,,,,,,,
napoleonic_cb_setup;Tyrannical Regime accross Europe must be trembled;;;;;;x,,,,,,,,
napoleonic_cb_desc;Dismantle and conquer the European Great Powers;;;;;;x,,,,,,,,
napoleonic_uk_cb;Subjugate and dismantle the British Empire;;;;;;x,,,,,,,,
napoleonic_uk_cb_short;Dismantle and take posssession from the British Empire;;;;;;x,,,,,,,,
napoleonic_uk_cb_setup;Accept defeat and Dismantle the British Empire;;;;;;x,,,,,,,,
napoleonic_uk_cb_desc;The British is a stubborn enemy, we can if we fought hard enough to defeat them;;;;;;x,,,,,,,,
napoleonic_austria_cb;Subjugate and dismantle the Austrian Empire;;;;;;x,,,,,,,,
napoleonic_austria_cb_short;Dismantle and take possession from the Austrian Empire;;;;;;x,,,,,,,,
napoleonic_austria_cb_setup;Accept defeat for the Austrian Empire;;;;;;x,,,,,,,,
napoleonic_austira_cb_desc;We must defeat the Austrians;;;;;;x,,,,,,,,
napoleonic_russia_cb;Subjugate and dismantle the Russian Empire;;;;;;x,,,,,,,,
napoleonic_russia_cb_short;Dismantle or take possession from the Russian Empire;;;;;;x,,,,,,,,
napoleonic_russia_cb_setup;Accept defeat for the Russian Empire;;;;;;x,,,,,,,,
napoleonic_russia_cb_desc;We must defeat and conquer their capital;;;;;;x,,,,,,,,
napoleonic_por_cb;Subjugate the Portuguese Empire;;;;;;x,,,,,,,,
napoleonic_por_cb_short;Make the Portuguese our puppet state possession;;;;;;x,,,,,,,,
napoleonic_por_cb_setup;Accept defeat for the Portuguese Empire;;;;;;x,,,,,,,,
napoleonic_por_cb_desc;We must overran their mainland and make them our puppet;;;;;;x,,,,,,,,
napoleonic_bav_cb;Conquer Bavaria;;;;;;x,,,,,,,,
napoleonic_bav_cb_short;Conquer and Subjugate Bavaria;;;;;;x,,,,,,,,
napoleonic_bav_cb_setup;Accept defeat for Bavaria;;;;;;x,,,,,,,,
napoleonic_bav_cb_desc;We must defeat and conquer their armies;;;;;;x,,,,,,,,
nocasusbelli;No war justification;Aucun motif de guerre;Keine Kriegsrechtfertigung;;Guerra sin justificaci�n;;;;;;;;;x;;;;,,,,,,,,
place_in_the_sun;Place in the sun;Une place au soleil;Ein Platz an der Sonne;;Un lugar bajo el sol;;;;;;;;;x;;;;,,,,,,,,
place_in_the_sun_desc;Aquire an enemy �Ycolonial state�W;Prendre un �Y�tat colonial�W ennemi;Erobern Sie einen feindlichen �YKolonialstaat�W.;;Adquirir un �Yestado colonial�W enemigo;;;;;;;;;x,,,,,,,,
place_in_the_sun_short;Acquire $STATE$; Prendre l'�tat de $STATE$;Kolonie $STATE$ erobern;;Adquirir $STATE$;;;;;;;;;x;;;;,,,,,,,,
place_in_the_sun_setup;Acquire colony $STATE$ from $RECIPIENT$;Prendre colonie $STATE$ � $RECIPIENT$;Kolonie $STATE$ von $RECIPIENT$ erobern.;;Adquirir la colonia de $STATE$ de manos de $RECIPIENT$;;;;;;;;;x;;;;,,,,,,,,
protect_minor;Protect minor;Prot�ger concession mineure;Kleinere Staaten sch�tzen;;Proteger menor;;;;;;;;;x;;;;,,,,,,,,
protect_minor_desc;Select a �state�W in the list to the right;S�lectionner un �Y�tat�W dans la liste de droite.;W�hlen Sie in der Liste rechts einen �YStaat�W aus.;;Seleccionar un �estado�W de la lista de la derecha;;;;;;;;;x,,,,,,,,
protect_minor_short;$THIRD$ acquires $STATE$;$THIRD$ prend $STATE$;$THIRD$ erwirbt $STATE$;;$THIRD$ adquiere $STATE$;;;;;;;;;x;;;;,,,,,,,,
protect_minor_setup;Force $RECIPIENT$ to give $STATE$ back to $THIRD$;Obliger $RECIPIENT$ � rendre $STATE$ � $THIRD$;Zwingen Sie $RECIPIENT$, $STATE$ an $THIRD$ zur�ck zu geben.;;Obligar a $RECIPIENT$ a devolver $STATE$ a $THIRD$;;;;;;;;;x;;;;,,,,,,,
po_reduce_prestige;Prestige is reduced by �R$VALUE$�b;Le prestige est r�duit de : �R$VALUE$�b;Prestige um �R$VALUE$�b reduziert;;Se pierden �R$VALUE$�b puntos de prestigio.;;;;;;;;;x;;;;,,,,,,,,
po_reduce_prestige2;�YPrestige�W is reduced by �R$VALUE$�W;Le �Yprestige�W est r�duit de : �R$VALUE$�W;�YPrestige�W wird um �R$VALUE$�W reduziert.;;�YPrestige�W se ve reducido en �R$VALUE$�W;;;;;;;;;x,,,,,,,,
release_puppet;Release Puppet;Lib�rer un �tat fantoche;Marionettenstaat entlassen;;Desvincular t�tere;;;;;;;;;x;;,,,,,,,,
release_puppet_short;$THIRD$ is released;$THIRD$ est lib�r�;$THIRD$ wurde entlassen;;$THIRD$ ha quedado desvinculada;;;;;;;;;x;;,,,,,,,,
release_puppet_setup;Release $THIRD$ from $RECIPIENT$;Lib�rer $THIRD$ de $RECIPIENT$.;Entlassen Sie $THIRD$ aus $RECIPIENT$;;Desvincular $THIRD$ de $RECIPIENT$;;;;;;;;;x;;,,,,,,,,
release_puppet_desc;Release a �Ycountry�W from its sovereign nation;Lib�rer un �Ypays�W de sa nation souveraine;Entlassen Sie ein �YLand�W von seinem Herrenland.;;Desvincula a un �Ypa�s�W de su naci�n soberana;;;;;;;;;x;;,,,,,,,,
po_reparations;Must pay �Y$PERCENTAGE$%�b of tax income for �Y$YEARS$�b years;Doit payer �Y$PERCENTAGE$%�b de taxes pendant �Y$YEARS$�b ans.;Muss �Y$PERCENTAGE$%�b des Steuereinkommens f�r �Y$YEARS$�b Jahre zahlen.;;Debe pagar el �Y$PERCENTAGE$%�b de sus ingresos por impuestos durante �Y$YEARS$�b a�os.;;;;;;;;;x;;;;,,,,,,,,
po_reparations2;Must pay �Y$PERCENTAGE$%�W of tax income for �Y$YEARS$�W years;Doit payer �Y$PERCENTAGE$%�W de taxes pendant �Y$YEARS$�W ans.;Zahlung von �Y$PERCENTAGE$%�W der Steuereinnahmen f�r �Y$YEARS$�W Jahre.;;Debe pagar el �Y$PERCENTAGE$%�W de sus impuestos durante �Y$YEARS$�W a�os;;;;;;;;;x,,,,,,,,
rude_boy;Containment;Confinement;Beherrschung;;Contenci�n;;;;;;;;;x;;,,,,,,,,
rude_boy_desc;Force another �Ycountry�W, which has thrown off all pretenses of civilized conduct in the realm of international affairs, to vastly reduce its ambitions.;Obligez un autre �Ypays�W, qui s'est d�barrass� de tout faux-semblant de conduite civilis�e au royaume des affaires internationales, � limiter consid�rablement ses ambitions.;Zwingen Sie ein anderes �YLand�W, das bez�glich internationaler Beziehungen s�mtliche Vort�uschungen zivilisierten Benehmens �ber Bord geworfen hat, seine Ambitionen drastisch zu reduzieren.;;Obliga a otro �Ypa�s�W, que ha renunciado a toda pretensi�n de conducta civilizada en el campo de los asuntos internacionales, a reducir de forma dr�stica sus ambiciones.;;;;;;;;;x;;
rude_boy_setup;Contain $RECIPIENT$ by reducing their territory, prestige and military.;Confinez $RECIPIENT$ en r�duisant son territoire, son prestige et son arm�e.;Halten Sie $RECIPIENT$ in Schach, indem Sie ihr Territorium, Prestige und Milit�r reduzieren.;;Contenci�n de $RECIPIENT$ por reducci�n de su territorio, su prestigio y su ej�rcito.;;;;;;;;;x;;,,,
rude_boy_short;Contain $RECIPIENT$;Contenir $RECIPIENT$;Halten Sie $RECIPIENT$ in Schach.;;Contenci�n de $RECIPIENT$;;;;;;;;;x;;,,,,,,,,
slavery_cb;Liberate Slaves;;;;;;x,,,,,,,,
slavery_cb_desc;Force a government to abolish the slave trade and the practice of slavery as a whole.;;;;;;x,,,,,,,,
slavery_cb_setup;Liberate the slaves. If achieved this will liberate all the slaves in the target country.;;;;;;x,,,,,,,,
slavery_cb_short;Liberate Slaves;;;;;;x,,,,,,,,
status_quo;Status Quo;;;;;;;;;;;;;x,,,,,,,,
status_quo_desc;Attempt to intervene in a war, neglecting any side to fulfill their �Ywargoals�W;Tenter de participer � une guerre en n�gligeant les diff�rents camps pour atteindre les �Yobjectifs de guerre�W;Versuchen Sie, in einen Krieg zu intervenieren und beiden Seiten die Erreichung ihrer �YKriegsziele�W zu verwehren.;;Intentar intervenir en una guerra, evitando que ninguno de los bandos cumplan con sus �Yobjetivos b�licos�W;;;;;;;;;x,,,,,
status_quo_setup;All we ask is to be left alone;Nous demandons juste � ce qu'on nous laisse tranquilles.;Wir wollen nur in Ruhe gelassen werden.;;Lo �nico que pedimos es que nos dejen en paz;;;;;;;;x;,,,,,,,,
status_quo_short;Status Quo;Statu quo;Status Quo;;Mantener el statu quo;;;;;;;;;x;,,,,,,,,
take_from_sphere;Take from sphere of influence;Enlever � la sph�re d'influence;Aus Einflusssph�re entfernen;;Sacar de la esfera ;;;;;;;;;x;;;;,,,,,,,,
take_from_sphere_desc;Remove a country from someone's �YSphere of Influence�W and add it to our own;Supprimer un pays de la �Ysph�re d'influence�W de quelqu'un et l'ajouter � la n�tre;Entfernen Sie ein Land aus einer anderen �YEinflusssph�re�W und f�gen Sie es Ihrer eigenen hinzu.;;Retirar un pa�s de la �Yesfera de influencia�W de alguien y a�adirlo a la nuestra;;;;;;;;;x,,,,,,,,
take_from_sphere_short;Take $THIRD$ from sphere of influence; Enlever $THIRD$ � la sph�re d'influence;$THIRD$ aus Einflusssph�re entfernen;;Sacar a $THIRD$ de la esfera de influencia;;;;;;;;;x;;;;,,,,,,,,
take_from_sphere_setup;Take $THIRD$ from $RECIPIENT$'s sphere of influence;Enlever $THIRD$ � la sph�re d'influence de $RECIPIENT$;$THIRD$ aus Einflusssph�re von $RECIPIENT$ entfernen;;Sacar a $THIRD$ de la esfera de influencia de $RECIPIENT$;;;;;;;;;x;;;;,,,,,,,,
unification_annex_casus_belli;War of Unification;Guerre d'unification;Vereinigungskrieg;;Guerra de unificaci�n;;;;;;;;;x;;,,,,,,,,
unification_annex_casus_belli_desc;Liberate core territory of our �YCultural Union�W.;Lib�rez un territoire cl� de notre �Yunion culturelle�W.;Befreien Sie das Kerngebiet unserer �YKulturunion�W;;Liberar territorio fundamental de nuestra �Yuni�n cultural�W;;;;;;;;;x;;,,,,,,,,
unification_annex_casus_belli_setup;Liberate core territory of our �YCultural Union�W.;Lib�rez un territoire cl� de notre �Yunion culturelle�W.;Befreien Sie das Kerngebiet unserer �YKulturunion�W;;Liberar territorio fundamental de nuestra �Yuni�n cultural�W;;;;;;;;;x;;,,,,,,,,
unification_annex_casus_belli_short;Annexation;Annexion;Annektierung;;Anexi�n;;;;;;;;;x;;,,,,,,,,
unification_casus_belli;War of Unification;Guerre d'unification;Vereinigungskrieg;;Guerra de unificaci�n;;;;;;;;;x;;,,,,,,,,
unification_casus_belli_desc;Liberate core territory of our �YCultural Union�W;Lib�rer un territoire cl� de notre �Yunion culturelle�W;Befreien Sie das Kerngebiet unserer �YKulturunion�W;;Libera territorio fundamental de nuestra �Yuni�n cultural�W;;;;;;;;;x;;,,,,,,,,
unification_casus_belli_setup;Liberate core territory of our �YCultural Union�W.;Lib�rez un territoire cl� de notre �Yunion culturelle�W.;Befreien Sie das Kerngebiet unserer �YKulturunion�W;;Liberar territorio fundamental de nuestra �Yuni�n cultural�W;;;;;;;;;x;;,,,,,,,,
unification_casus_belli_short;Liberate $STATE$ ;Lib�rer $STATE$ ;Befreien Sie $STATE$;;Liberar $STATE$ ;;;;;;;;;x;;,,,,,,,,
unification_humiliate_cb;Assert Hegemony;Imposer l'h�g�monie;Vorherrschaft durchsetzen;;Imponer hegemon�a;;;;;;;;;x;;,,,,,,,,
unification_humiliate_cb_desc;Force another Great Power to concede your leadership over your common cultural union. All his influence over countries in the area will be lost.;Force une autre Grande Puissance � vous conc�der la primaut� dans votre union culturelle commune. Toute son influence sur les pays de la zone sera perdue.;Zwingen Sie eine andere Gro�macht, Ihre F�hrung Ihrer gemeinsamen Kulturunion zu akzeptieren. Der Einfluss der anderen Macht �ber L�nder in dieser Region geht dadurch verloren.;;Obliga a otra gran potencia a aceptar tu liderazgo sobre una uni�n cultural com�n. Toda su influencia sobre los pa�ses de la zona se pierde.;;;;;;;;;x,,,,,,,
unification_humiliate_cb_setup;Force another Great Power to concede your leadership over your common cultural union.;Force une autre Grande Puissance � vous conc�der la primaut� dans votre union culturelle commune.;Zwingen Sie eine andere Gro�macht, Ihre F�hrung Ihrer gemeinsamen Kulturunion zu akzeptieren.;;Obliga a otra gran potencia a aceptar tu liderazgo sobre una uni�n cultural com�n.;;;;;;;;;x,,,,,,,
unification_humiliate_cb_short;Admit Hegemony;Admettre l'h�g�monie;Vorherrschaft anerkennen;;Aceptar hegemon�a;;;;;;;;;x;;,,,,,,,,
NORMAL_UNIFICATION_HUMILIATE_NAME;The $FIRST$-$SECOND$ Brother's War;$FIRST$-$SECOND$ guerre fraternelle ;$ORDER$$FIRST$-$SECOND$er Bruderkrieg;;La Guerra Fraticida $FIRST$-$SECOND$;;;;;;;;;x;;,,,,,,,,
AGRESSION_UNIFICATION_HUMILIATE_NAME;The $FIRST$-$SECOND$ Brother's War;$FIRST$-$SECOND$ guerre fraternelle ;$ORDER$$FIRST$-$SECOND$er Bruderkrieg;;La Guerra Fraticida $FIRST$-$SECOND$;;;;;;;;;x;;,,,,,,,,
unification_release_puppet_cb_setup;Release $THIRD$ from $RECIPIENT$ and add them to your sphere of influence;;Befreit $THIRD$ von $RECIPIENT$ und f�gt sie Eurem Einflussbereich hinzu;;;;;;;;x;;;,,,,,,,,
unification_release_puppet_cb_desc;Release our cultural kin from the control of foreigners and add them to your sphere of influence;;Befreit unsere kulturelle Sippschaft aus der Kontrolle der Fremden und f�gt sie Eurem Einflussbereich hinzu;;;;;;;;x;;;,,,,,,,,
unification_release_puppet_cb;Free Cultural Kin;;Befreit kulturelle Sippschaft;;;;;;;;x;;;,,,,,,,,
unification_release_puppet_cb_short;$THIRD$ is released;;$THIRD$ wurde befreit;;;;;;;;x;;;,,,,,,,,
uninstall_communist_gov_cb;Uninstall communism;R�voquer le Communisme;Kommunismus absetzen;;;;;;;;;;;x,,,,,,,,
uninstall_communist_gov_cb_desc;Uninstall the communist government.;R�voquer le gouvernement communiste.;Die kommunistische Regierung absetzen.;;;;;;;;;;;x,,,,,,,,
uninstall_communist_gov_cb_setup;Uninstall the communist government.;R�voquer le gouvernement communiste.;Die kommunistische Regierung absetzen.;;;;;;;;;;;x,,,,,,,,
uninstall_communist_gov_cb_short;Uninstall communism.;R�voquer le Communisme.;Kommunismus absetzen;;;;;;;;;;;x,,,,,,,,
po_uninstall_communist_gov_type;Uninstall communist government;R�voquer le gouvernement communiste;Kommunistische Regierung absetzen;;;;;;;;;;x;,,,,,,,,
NORMAL_WAR_ADD_SPHERE_NAME;$ORDER$War of $SECOND$ Submission;$ORDER$ guerre de soumission $SECOND$;$ORDER$Krieg zur $SECOND$en Unterwerfung;;$ORDER$ Guerra de sumisi�n $SECOND$;;;;;;;;;x;,,,,,,,,
NORMAL_WAR_ADD_SPHERE_NAME_ENG_CHI;$ORDER$Opium War;$ORDER$ guerre de l'opium;$ORDER$Opiumkrieg;;;;;;;;;;;x,,,,,,,,
AGRESSION_WAR_ADD_SPHERE_NAME;$ORDER$War of $SECOND$ Subjugation;$ORDER$ guerre de subjugation $SECOND$;$ORDER$Krieg zur $SECOND$en Unterjochung;;$ORDER$ Guerra de subyugaci�n $SECOND$;;;;;;;;;x;,,,,,,,,
NORMAL_WAR_ALL_CORES_NAME;$ORDER$War of $FIRST$ Liberation;;;;;;;;;;;;;x,,,,,,,,
AGRESSION_WAR_ALL_CORES_NAME;$ORDER$War of $FIRST$ Liberation;;;;;;;;;;;;;x,,,,,,,,
NORMAL_WAR_BOXER_NAME;$ORDER$Boxer Rebellion;$ORDER$ r�bellion des Boxers;$ORDER$Boxer Aufstand;;;;;;;;;;;x,,,,,,,,
AGRESSION_WAR_BOXER_NAME;Boxer War;;;;;;;;;;;;;x,,,,,,,,
NORMAL_WAR_COLONIAL_NAME;$ORDER$$FIRST$ Colonial Conquest of $STATE$;$ORDER$$FIRST$ conqu�te coloniale de $STATE$;$ORDER$$FIRST$e Kolonialeroberung von $STATE$;;$ORDER$ Conquista colonial $FIRST$ de $STATE$;;;;;;;;;x;,,,,,,,,
AGRESSION_WAR_COLONIAL_NAME;$ORDER$$FIRST$ Colonial War for $STATE$;$ORDER$$FIRST$ guerre coloniale pour $STATE$;$ORDER$$FIRST$er Kolonialkrieg um $STATE$;;$ORDER$ Guerra colonial $FIRST$ por $STATE$;;;;;;;;;x;,,,,,,,,
NORMAL_WAR_CONCESSION_NAME;$ORDER$ War of The $STATE$ Concession;$ORDER$ Guerre de la Concession de $STATE$;$ORDER$ Konzessionskrieg gegen $STATE$;;$ORDER$ Guerra de la Concesi�n de $STATE$;;;;;;;;;x;;,,,,,,,,
AGRESSION_WAR_CONCESSION_NAME;$ORDER$ War of The $STATE$ Concession;$ORDER$ Guerre de la Concession de $STATE$;$ORDER$ Konzessionskrieg gegen $STATE$;;$ORDER$ Guerra de la Concesi�n de $STATE$;;;;;;;;;x;;,,,,,,,,
NORMAL_WAR_CONQUEST_NAME;$ORDER$Conquest of $SECOND$ War;$ORDER$$FIRST$ conqu�te de la $SECOND_COUNTRY$ guerre;$ORDER$Eroberung von $SECOND$em Land;;$ORDER$ Guerra de Conquista $SECOND$;;;;;;;;;x;,,,,,,,,
NORMAL_WAR_CONQUEST_NAME_ENG_ORA;$ORDER$Boer War;$ORDER$ guerre des Boers;$ORDER$Burenkrieg;;;;;;;;;;;x,,,,,,,,
NORMAL_WAR_CONQUEST_NAME_ENG_TRN;$ORDER$Boer War;$ORDER$ guerre des Boers;$ORDER$Burenkrieg;;;;;;;;;;;x,,,,,,,,
NORMAL_WAR_CONQUEST_NAME_ENG_USA;$ORDER$$SECOND$ War of Independence;$ORDER$$SECOND$ guerre d'ind�pendence;$ORDER$$SECOND$ Unabh�ngigkeitskrieg;;;;;;;;;;;x,,,,,,,,
AGRESSION_WAR_CONQUEST_NAME;$ORDER$War of $FIRST$ Aggression against $SECOND_COUNTRY$;$ORDER$ guerre d'aggression $FIRST$ sur $SECOND_COUNTRY$;$ORDER$$FIRST$er Aggressionskrieg gegen $SECOND$e Gebiete;;$ORDER$ Guerra de Agresi�n $FIRST$ contra $SECOND_COUNTRY$;;;;;;;;;x;,,,,,,,,
NORMAL_WAR_DISMANTLE_NAME;$ORDER$$FIRST$ War to Dismantle the $SECOND$ Empire;Grande Guerre $ORDER$$FIRST$-$SECOND$;$ORDER$$FIRST$-$SECOND$ Gr��er Krieg;Baza;Base:;Base:;Alap:;Z�kladna:;;;;;;;x;;;;;;;;;;;;;;,,,,,,,,
AGRESSION_WAR_DISMANTLE_NAME;$ORDER$ War of $FIRST$ Aggression;$ORDER$ Offensive Militaire $FIRST$;$ORDER$ $FIRST$ Angriffskrieg;Wojna $ORDER$$FIRST$-$SECOND$;Guerra $ORDER$$FIRST$-$SECOND$;$ORDER$ Guerra $FIRST$-$SECOND$;$ORDER$$FIRST$-$SECOND$ h�bor�;$ORDER$$FIRST$-$SECOND$ v�lka;;;;;;;x;;;;;;;;;;;;;;,,,,,,,,
NORMAL_WAR_FREE_NAME;$ORDER$$FIRST$ War of $COUNTRY_ADJ$ Freedom;$ORDER$$FIRST$ guerre de lib�ration $COUNTRY_ADJ$;$ORDER$$FIRST$-$COUNTRY_ADJ$er Freiheitskrieg;;$ORDER$ Guerra $FIRST$ de liberaci�n $COUNTRY_ADJ$;;;;;;;;;x;,,,,,,,,
AGRESSION_WAR_FREE_NAME;$ORDER$$FIRST$ War of Propping up $COUNTRY$;$ORDER$$FIRST$ guerre de soutien � $COUNTRY$;$ORDER$$FIRST$er Krieg zur Absicherung von $COUNTRY$;;$ORDER$ Guerra $FIRST$ de apoyo a $COUNTRY$;;;;;;;;;x;,,,,,,,,
NORMAL_WAR_GUNBOAT_NAME;$ORDER$$FIRST$ intervention in $SECOND_COUNTRY$;$ORDER$$FIRST$ intervention en $SECOND_COUNTRY$;$ORDER$$FIRST$ Intervention in $SECOND_COUNTRY$;;;;;;;;;;;x,,,,,,,,
NORMAL_WAR_GUNBOAT_NAME_ENG_CHI;$ORDER$Opium War;$ORDER$ guerre de l'opium;$ORDER$Opiumkrieg;;;;;;;;;;;x,,,,,,,,
NORMAL_WAR_GUNBOAT_NAME_FRA_MEX;$ORDER$Pastry War;$ORDER$ guerre de la p�tisserie;$ORDER$Kuchenkrieg;;;;;;;;;;;x,,,,,,,,
AGRESSION_WAR_GUNBOAT_NAME;Gunboat Diplomacy;;;;;;;;;;;;;x,,,,,,,,
NORMAL_WAR_HUMILIATE_NAME;$ORDER$$FIRST$-$SECOND$ War of Honor;$ORDER$ guerre pour l'honneur $FIRST$-$SECOND$;$ORDER$$FIRST$-$SECOND$ Krieg der Ehre;;;;;;;;;;;x,,,,,,,,
AGRESSION_WAR_HUMILIATE_NAME;$ORDER$$FIRST$ War to Humiliate $SECOND$;$ORDER$ guerre pour l'honneur $FIRST$-$SECOND$;$ORDER$$FIRST$-$SECOND$ Krieg der Ehre;;;;;;;;;;;x,,,,,,,,
NORMAL_WAR_INDEPENDENCE_NAME;$ORDER$$FIRST$ War of Independence;$ORDER$$FIRST$ guerre d'ind�pendance;$ORDER$$FIRST$ Unabh�ngigkeitskrieg;;;;;;;;;;;x,,,,,,,,
AGRESSION_WAR_INDEPENDENCE_NAME;$ORDER$$FIRST$ War of Independence;$ORDER$$FIRST$ guerre d'ind�pendance;$ORDER$$FIRST$ Unabh�ngigkeitskrieg;;;;;;;;;;;x,,,,,,,,
NORMAL_WAR_LIBERATE_NAME;$ORDER$$FIRST$ War of $COUNTRY_ADJ$ Freedom;$ORDER$$FIRST$ guerre de lib�ration $COUNTRY_ADJ$;$ORDER$$FIRST$-$COUNTRY_ADJ$er Freiheitskrieg;;$ORDER$ Guerra $FIRST$ de liberaci�n $COUNTRY_ADJ$;;;;;;;;;x,,,,,,,,
AGRESSION_WAR_LIBERATE_NAME;$ORDER$$FIRST$ War of $COUNTRY_ADJ$ Liberation;;$ORDER$$FIRST$-$COUNTRY_ADJ$er Befreiungskrieg;;;;;;;;x;;;,,,,,,,,
NORMAL_WAR_NAME;$ORDER$$FIRST$-$SECOND$ War;Guerre $ORDER$$FIRST$-$SECOND$;$ORDER$$FIRST$-$SECOND$er Krieg;Baza;Guerra $ORDER$$FIRST$-$SECOND$;Base:;Alap:;Z�kladna:;;;;;;x;;;;,,,,,,,,
AGRESSION_WAR_NAME;$ORDER$War of $FIRST$ Aggression;$ORDER$$FIRST$ guerre d'aggression;$ORDER$$FIRST$er Angriffskrieg;Wojna $ORDER$$FIRST$-$SECOND$;$ORDER$Guerra de $FIRST$ agresi�n;$ORDER$ Guerra $FIRST$-$SECOND$;$ORDER$$FIRST$-$SECOND$ h�bor�;$ORDER$$FIRST$-$SECOND$ v�lka;;;;;;x;;;;,,,,,,,,
NORMAL_WAR_NAME_COMMUNISM;The $ORDER$$FIRST$-$SECOND$ Revolutionary War;;;;;;;;;;;;;;;;;;x,,,,,,,,
AGRESSION_WAR_NAME_COMMUNISM;The $ORDER$$FIRST$-$SECOND$ Revolutionary War;;;;;;;;;;;;;;;;;;x,,,,,,,,
NORMAL_WAR_NAME_DEMOCRACY;$ORDER$$FIRST$-$SECOND$ Counterrevolution;;;;;;;;;;;;;;;;;;x,,,,,,,,
AGRESSION_WAR_NAME_DEMOCRACY;$ORDER$$FIRST$-$SECOND$ Counterrevolution;;;;;;;;;;;;;;;;;;x,,,,,,,,
NORMAL_WAR_NAME_ENG_USA;$ORDER$$SECOND$ War of Independence;$ORDER$$SECOND$ guerre d'ind�pendence;$ORDER$$SECOND$ Unabh�ngigkeitskrieg;;;;;;;;;;;x,,,,,,,,
NORMAL_WAR_NAME_FASCISM;The $ORDER$$FIRST$-$SECOND$ Blackshirt Revolution;;;;;;;;;;;;;;;;;;x,,,,,,,,
AGRESSION_WAR_NAME_FASCISM;The $ORDER$$FIRST$-$SECOND$ Blackshirt Revolution;;;;;;;;;;;;;;;;;;x,,,,,,,,
NORMAL_WAR_PROTECTORATE_NAME;$ORDER$ Acquisition of $FIRST$ $SECOND_COUNTRY$;$ORDER$ $FIRST$ acquisition de $SECOND_COUNTRY$;$ORDER$$FIRST$e �bernahme von $SECOND_COUNTRY$;;$ORDER$ Adquisici�n de $SECOND_COUNTRY$ $FIRST$ ;;;;;;;;;x;;,,,,,,,,
AGRESSION_WAR_PROTECTORATE_NAME;$ORDER$ Acquisition of $FIRST$ $SECOND_COUNTRY$;$ORDER$ $FIRST$ acquisition de $SECOND_COUNTRY$;$ORDER$$FIRST$e �bernahme von $SECOND_COUNTRY$;;$ORDER$ Adquisici�n de $SECOND_COUNTRY$ $FIRST$ ;;;;;;;;;x;;,,,,,,,,
NORMAL_WAR_PUPPET_NAME;$ORDER$War of $FIRST$ Control Over $SECOND_COUNTRY$;$ORDER$ guerre de $FIRST$ pour le contr�le de $SECOND_COUNTRY$;$ORDER$ Krieg um die Kontrolle von $FIRST$ �ber $SECOND_COUNTRY$;;;;;;;;;;;x,,,,,,,,
NORMAL_WAR_PUPPET_NAME_ENG_ORA;$ORDER$Boer War;$ORDER$ guerre des Boers;$ORDER$Burenkrieg;;;;;;;;;;;x,,,,,,,,
NORMAL_WAR_PUPPET_NAME_ENG_TRN;$ORDER$Boer War;$ORDER$ guerre des Boers;$ORDER$Burenkrieg;;;;;;;;;;;x,,,,,,,,
NORMAL_WAR_PUPPET_NAME_ENG_USA;$ORDER$$SECOND$ War of Independence;$ORDER$$SECOND$ guerre d'ind�pendence;$ORDER$$SECOND$ Unabh�ngigkeitskrieg;;;;;;;;;;;x,,,,,,,,
AGRESSION_WAR_PUPPET_NAME;$ORDER$War of $FIRST$ Control Over $SECOND_COUNTRY$;$ORDER$ guerre de $FIRST$ pour le contr�le de $SECOND_COUNTRY$;$ORDER$ Krieg um die Kontrolle von $FIRST$ �ber $SECOND_COUNTRY$;;;;;;;;;;;x,,,,,,,,
NORMAL_WAR_RESTORE_ORDER_NAME;$ORDER$$FIRST$ Restoration of Order to the $SECOND$ provinces;$ORDER$$FIRST$ r�tablissement de l'ordre dans les provinces de $SECOND$;$ORDER$$FIRST$e Wiederherstellung der Ordnung in den $SECOND$en Provinzen;;$ORDER$ Restauraci�n $FIRST$ del orden en las provincias $SECOND$;;;;;;;;;x;;,,,,,,,,
AGRESSION_WAR_RESTORE_ORDER_NAME;$ORDER$$FIRST$ Restoration of Order to the $SECOND$ provinces;$ORDER$$FIRST$ r�tablissement de l'ordre dans les provinces de $SECOND$;$ORDER$$FIRST$e Wiederherstellung der Ordnung in den $SECOND$en Provinzen;;$ORDER$ Restauraci�n $FIRST$ del orden en las provincias $SECOND$;;;;;;;;;x;;,,,,,,,,
NORMAL_WAR_RUDEBOI_NAME;$ORDER$$FIRST$ War of $SECOND$ Containment;$ORDER$$FIRST$ guerre de confinement $SECOND$;$ORDER$$FIRST$er Krieg zur $SECOND$en Beherrschung;;$ORDER$ Guerra $FIRST$ de contenci�n $SECOND$;;;;;;;;;x;;,,,,,,,,
AGRESSION_WAR_RUDEBOI_NAME;$ORDER$$FIRST$ War of $SECOND$ Containment;$ORDER$$FIRST$ guerre de confinement $SECOND$;$ORDER$$FIRST$er Krieg zur $SECOND$en Beherrschung;;$ORDER$ Guerra $FIRST$ de contenci�n $SECOND$;;;;;;;;;x;;,,,,,,,,
NORMAL_WAR_TAKE_CORE_NAME;$ORDER$$FIRST$ Liberation of $STATE$;$ORDER$$FIRST$ lib�ration de $STATE$;$ORDER$$FIRST$e Befreiung von $STATE$;;$ORDER$ Liberaci�n $FIRST$ de $STATE$;;;;;;;;;x;,,,,,,,,
NORMAL_WAR_TAKE_CORE_NAME_CHL_BOL;$ORDER$War of the Pacific;$ORDER$ guerre du Pacifique;$ORDER$Pazifikkrieg;;;;;;;;;;;x,,,,,,,,
NORMAL_WAR_TAKE_CORE_NAME_CHL_PEU;$ORDER$War of the Pacific;$ORDER$ guerre du Pacifique;$ORDER$Pazifikkrieg;;;;;;;;;;;x,,,,,,,,
NORMAL_WAR_TAKE_CORE_NAME_ENG_USA;$ORDER$$SECOND$ War of Independence;$ORDER$$SECOND$ guerre d'ind�pendence;$ORDER$$SECOND$ Unabh�ngigkeitskrieg;;;;;;;;;;;x,,,,,,,,
NORMAL_WAR_TAKE_CORE_NAME_USA_MEX_MEX;$ORDER$American Invasion of Mexico;$ORDER$ guerre am�ricaine d'invasion du Mexique;$ORDER$Amerikanische Invasion von Mexiko;;;;;;;;;;;x,,,,,,,,
NORMAL_WAR_TAKE_CORE_NAME_USA_MEX_USA;$ORDER$Mexican-American War;$ORDER$ guerre mexicano-am�ricaine;$ORDER$Mexikanisch-Amerikanischer Krieg;;;;;;;;;;;x,,,,,,,,
AGRESSION_WAR_TAKE_CORE_NAME;$ORDER$$FIRST$ Aggression for $STATE$;$ORDER$$FIRST$ aggression pour $STATE$;$ORDER$$FIRST$e Aggression gegen $STATE$;;$ORDER$ Agresi�n $FIRST$ por $STATE$;;;;;;;;;x;,,,,,,,,
NORMAL_WAR_TAKE_NAME;$ORDER$$FIRST$ Conquest of $STATE$;$ORDER$$FIRST$ conqu�te de $STATE$;$ORDER$$FIRST$e Eroberung von $STATE$;;$ORDER$ Conquista $FIRST$ de $STATE$;;;;;;;;;x;,,,,,,,,
NORMAL_WAR_TAKE_NAME_CHL_BOL;$ORDER$War of the Pacific;$ORDER$ guerre du Pacifique;$ORDER$Pazifikkrieg;;;;;;;;;;;x,,,,,,,,
NORMAL_WAR_TAKE_NAME_CHL_PEU;$ORDER$War of the Pacific;$ORDER$ guerre du Pacifique;$ORDER$Pazifikkrieg;;;;;;;;;;;x,,,,,,,,
NORMAL_WAR_TAKE_NAME_ENG_ORA;$ORDER$Boer War;$ORDER$ guerre des Boers;$ORDER$Burenkrieg;;;;;;;;;;;x,,,,,,,,
NORMAL_WAR_TAKE_NAME_ENG_TRN;$ORDER$Boer War;$ORDER$ guerre des Boers;$ORDER$Burenkrieg;;;;;;;;;;;x,,,,,,,,
NORMAL_WAR_TAKE_NAME_ENG_USA;$ORDER$$SECOND$ War of Independence;$ORDER$$SECOND$ guerre d'ind�pendence;$ORDER$$SECOND$ Unabh�ngigkeitskrieg;;;;;;;;;;;x,,,,,,,,
NORMAL_WAR_TAKE_NAME_ORA_ENG;$ORDER$Boer War;$ORDER$ guerre des Boers;$ORDER$Burenkrieg;;;;;;;;;;;x,,,,,,,,
NORMAL_WAR_TAKE_NAME_TRN_ENG;$ORDER$Boer War;$ORDER$ guerre des Boers;$ORDER$Burenkrieg;;;;;;;;;;;x,,,,,,,,
NORMAL_WAR_TAKE_NAME_USA_MEX_MEX;$ORDER$American Invasion of Mexico;$ORDER$ guerre am�ricaine d'invasion du Mexique;$ORDER$Amerikanische Invasion von Mexiko;;;;;;;;;;;x,,,,,,,,
NORMAL_WAR_TAKE_NAME_USA_MEX_USA;$ORDER$Mexican-American War;$ORDER$ guerre mexicano-am�ricaine;$ORDER$Mexikanisch-Amerikanischer Krieg;;;;;;;;;;;x,,,,,,,,
AGRESSION_WAR_TAKE_NAME;$ORDER$$FIRST$ War of $STATE$;$ORDER$$FIRST$ guerre pour $STATE$;$ORDER$$FIRST$er Krieg um $STATE$;;$ORDER$ Guerra $FIRST$ de $STATE$;;;;;;;;;x;,,,,,,,,
NORMAL_WAR_TAKE_SPHERE_NAME;$ORDER$$COUNTRY$ War;$ORDER$ guerre de $COUNTRY$;$ORDER$$COUNTRY$-Feldzug;;$ORDER$ Guerra de $COUNTRY$;;;;;;;;;x;,,,,,,,,
AGRESSION_WAR_TAKE_SPHERE_NAME;$ORDER$$FIRST$-$SECOND$ War over $COUNTRY$;$ORDER$ guerre $FIRST$-$SECOND$ pour $COUNTRY$;$ORDER$$FIRST$-$SECOND$er Krieg um $COUNTRY$;;$ORDER$ Guerra $FIRST$-$SECOND$ sobre $COUNTRY$;;;;;;;;;x;,,,,,,,,
NORMAL_WAR_UNIFICATION_ANNEX_NAME;$ORDER$ $FIRST$ Liberation of $SECOND_COUNTRY$;$ORDER$ $FIRST$ lib�ration de $SECOND_COUNTRY$;$ORDER$$FIRST$e Befreiung von $SECOND_COUNTRY$;;$ORDER$ Liberaci�n $FIRST$ de $SECOND_COUNTRY$;;;;;;;;;x;;,,,,,,,,
AGRESSION_WAR_UNIFICATION_ANNEX_NAME;$ORDER$ $FIRST$ Liberation of $SECOND_COUNTRY$;$ORDER$ $FIRST$ lib�ration de $SECOND_COUNTRY$;$ORDER$$FIRST$e Befreiung von $SECOND_COUNTRY$;;$ORDER$ Liberaci�n $FIRST$ de $SECOND_COUNTRY$;;;;;;;;;x;;,,,,,,,,
NORMAL_WAR_UNIFICATION_NAME;$ORDER$ $FIRST$ Liberation of $STATE$;$ORDER$$FIRST$ lib�ration de $STATE$;$ORDER$$FIRST$e Befreiung von $STATE$;;$ORDER$ Liberaci�n $FIRST$ de $STATE$;;;;;;;;;x;;,,,,,,,,
NORMAL_WAR_UNIFICATION_NAME_NGF_FRA;$ORDER$Franco-Prussian War;$ORDER$ guerre franco-prussienne;$ORDER$Franco-Preussischer Krieg;;;;;;;;;;;x,,,,,,,,
NORMAL_WAR_UNIFICATION_NAME_PRU_FRA;$ORDER$Franco-Prussian War;$ORDER$ guerre franco-prussienne;$ORDER$Franco-Preussischer Krieg;;;;;;;;;;;x,,,,,,,,
AGRESSION_WAR_UNIFICATION_NAME;$ORDER$ $FIRST$ Liberation of $STATE$;$ORDER$$FIRST$ lib�ration de $STATE$;$ORDER$$FIRST$e Befreiung von $STATE$;;$ORDER$ Liberaci�n $FIRST$ de $STATE$;;;;;;;;;x;;,,,,,,,,
ww1_central_powers_cb;World War 1 - Central Powers;;;;;;x,,,,,,,,
ww1_central_powers_cb_desc;Impose demands on the Triple Entente.;;;;;;x,,,,,,,,
ww1_entente_cb;World War 1 - Triple Entente;;;;;;x,,,,,,,,
ww1_entente_cb_desc;Impose demands on the Central Powers.;;;;;;x,,,,,,,,
ww1_entente_cb_short;World War 1 - Allies;;;;;;x,,,,,,,,
ww2_allies_cb;World War 2 - Allies;;;;;;x,,,,,,,,
ww2_allies_cb_setup;Forces the Axis powers to capitulate unconditionally.;;;;;;x,,,,,,,,
ww2_allies_cb_desc;If they win the Allied powers will spread democracy around the world.;;;;;;x,,,,,,,,
ww2_allies_cb_short;World War 2 - Allies;;;;;;x,,,,,,,,
ww2_axis_cb;World War 2 - Axis;;;;;;x,,,,,,,,
ww2_axis_cb_setup;Forces the Allies to capitulate unconditionally.;;;;;;x,,,,,,,,
ww2_axis_cb_desc;If they win the Axis powers will rule the world with an iron fist.;;;;;;x,,,,,,,,
ww2_axis_cb_short;World War 2 - Axis;;;;;;x,,,,,,,,